1 , APPLE iPhone 15 (Black | 128 GB) , Rs. 73999 , 4.6
2 , APPLE iPhone 14 (Midnight | 128 GB) , Rs. 59999 , 4.6
3 , APPLE iPhone 14 (Starlight | 128 GB) , Rs. 59999 , 4.6
4 , APPLE iPhone 14 (Blue | 128 GB) , Rs. 59999 , 4.6
5 , APPLE iPhone 15 (Blue | 128 GB) , Rs. 73999 , 4.6
6 , APPLE iPhone 15 (Green | 128 GB) , Rs. 73999 , 4.6
7 , APPLE iPhone 15 (Pink | 128 GB) , Rs. 73999 , 4.6
8 , APPLE iPhone 14 Plus (Blue | 128 GB) , Rs. 66999 , 4.6
9 , APPLE iPhone 15 Plus (Blue | 128 GB) , Rs. 82999 , 4.7
10 , APPLE iPhone 14 (Purple | 128 GB) , Rs. 59999 , 4.6
11 , APPLE iPhone 12 (Blue | 64 GB) , Rs. 42999 , 4.6
12 , APPLE iPhone 14 Plus (Starlight | 128 GB) , Rs. 66999 , 4.6
13 , APPLE iPhone 15 Plus (Black | 128 GB) , Rs. 82999 , 4.7
14 , APPLE iPhone 14 Plus (Purple | 128 GB) , Rs. 66999 , 4.6
15 , APPLE iPhone 12 (White | 64 GB) , Rs. 42999 , 4.6
16 , APPLE iPhone 14 Plus (Midnight | 128 GB) , Rs. 66999 , 4.6
17 , APPLE iPhone 14 (Yellow | 128 GB) , Rs. 59999 , 4.6
18 , APPLE iPhone 12 (Blue | 128 GB) , Rs. 48999 , 4.6
19 , APPLE iPhone 12 (Black | 64 GB) , Rs. 42999 , 4.6
20 , APPLE iPhone 14 (Blue | 256 GB) , Rs. 68999 , 4.6
21 , APPLE iPhone 15 Plus (Pink | 128 GB) , Rs. 82999 , 4.7
22 , APPLE iPhone 14 (Starlight | 256 GB) , Rs. 68999 , 4.6
23 , APPLE iPhone 12 (Green | 64 GB) , Rs. 43999 , 4.6
24 , APPLE iPhone 15 (Yellow | 128 GB) , Rs. 73999 , 4.6
25 , APPLE iPhone 15 Pro (Natural Titanium | 128 GB) , Rs. 130990 , 4.7
26 , APPLE iPhone 13 (Midnight | 128 GB) , Rs. 52999 , 4.6
27 , APPLE iPhone 15 Pro (Blue Titanium | 128 GB) , Rs. 130990 , 4.7
28 , APPLE iPhone 15 Pro (Black Titanium | 256 GB) , Rs. 140990 , 4.7
29 , APPLE iPhone 15 (Pink | 256 GB) , Rs. 82999 , 4.6
30 , APPLE iPhone 11 (Black | 64 GB) , Rs. 43900 , 4.6
31 , APPLE iPhone 15 Plus (Pink | 256 GB) , Rs. 92999 , 4.7
32 , APPLE iPhone 13 (Pink | 128 GB) , Rs. 52999 , 4.6
33 , APPLE iPhone 11 (White | 64 GB) , Rs. 43900 , 4.6
34 , APPLE iPhone 15 Pro (White Titanium | 128 GB) , Rs. 130990 , 4.7
35 , APPLE iPhone 14 (Purple | 256 GB) , Rs. 68999 , 4.6
36 , APPLE iPhone 15 Pro (Black Titanium | 128 GB) , Rs. 130990 , 4.7
37 , APPLE iPhone 15 Pro Max (Natural Titanium | 256 GB) , Rs. 156900 , 4.7
38 , APPLE iPhone 14 (Midnight | 256 GB) , Rs. 68999 , 4.6
39 , APPLE iPhone 15 (Blue | 256 GB) , Rs. 82999 , 4.6
40 , APPLE iPhone 15 Plus (Yellow | 128 GB) , Rs. 82999 , 4.7
41 , APPLE iPhone 15 Pro Max (Natural Titanium | 512 GB) , Rs. 176900 , 4.7
42 , APPLE iPhone 13 Pro Max (Gold | 1 TB) , Rs. 179900 , 4.6
43 , APPLE iPhone 15 Pro (White Titanium | 256 GB) , Rs. 140990 , 4.7
44 , APPLE iPhone 15 Pro Max (White Titanium | 256 GB) , Rs. 156900 , 4.7
45 , APPLE iPhone 15 Pro Max (Black Titanium | 256 GB) , Rs. 156900 , 4.7
46 , APPLE iPhone 15 Plus (Blue | 512 GB) , Rs. 112999 , 4.7
47 , APPLE iPhone 15 Pro (Blue Titanium | 256 GB) , Rs. 140990 , 4.7
48 , APPLE iPhone 15 Pro Max (Blue Titanium | 1 TB) , Rs. 196900 , 4.7
49 , APPLE iPhone 15 Pro (Natural Titanium | 512 GB) , Rs. 161990 , 4.7
50 , APPLE iPhone 13 Pro Max (Graphite | 1 TB) , Rs. 179900 , 4.6
51 , APPLE iPhone 13 Pro Max (Silver | 1 TB) , Rs. 179900 , 4.6
52 , APPLE iPhone 13 Pro Max (Sierra Blue | 1 TB) , Rs. 179900 , 4.6
53 , APPLE iPhone 12 (Purple | 256 GB) , Rs. 63999 , 4.6
54 , APPLE iPhone 14 (Midnight | 512 GB) , Rs. 88999 , 4.6
55 , APPLE iPhone SE (White | 64 GB) , Rs. 39900 , 4.5
56 , APPLE iPhone 15 Pro (White Titanium | 512 GB) , Rs. 161990 , 4.7
57 , APPLE iPhone 15 Pro (Blue Titanium | 1 TB) , Rs. 180990 , 4.7
58 , APPLE iPhone 13 Pro (Silver | 1 TB) , Rs. 169900 , 4.7
59 , APPLE iPhone 14 (Starlight | 512 GB) , Rs. 88999 , 4.6
60 , APPLE iPhone 13 (Starlight | 512 GB) , Rs. 82999 , 4.6
61 , APPLE iPhone 15 Pro Max (White Titanium | 1 TB) , Rs. 196900 , 4.7
62 , APPLE iPhone 13 (Blue | 256 GB) , Rs. 62999 , 4.6
63 , APPLE iPhone 14 (Purple | 512 GB) , Rs. 88999 , 4.6
64 , APPLE iPhone 15 Plus (Pink | 512 GB) , Rs. 112999 , 4.7
65 , APPLE iPhone 13 Pro Max (Graphite | 512 GB) , Rs. 159900 , 4.6
66 , APPLE iPhone 12 (White | 128 GB) , Rs. 49999 , 4.6
67 , APPLE iPhone 15 Pro Max (Black Titanium | 512 GB) , Rs. 176900 , 4.7
68 , APPLE iPhone 13 Pro Max (Alpine Green | 1 TB) , Rs. 179900 , 4.6
69 , APPLE iPhone 15 (Black | 512 GB) , Rs. 102999 , 4.6
70 , APPLE iPhone 15 Pro Max (White Titanium | 512 GB) , Rs. 176900 , 4.7
71 , APPLE iPhone 11 (Red | 64 GB) , Rs. 43900 , 4.6
72 , APPLE iPhone 13 ((PRODUCT)RED | 512 GB) , Rs. 82999 , 4.6
73 , APPLE iPhone 13 (Blue | 512 GB) , Rs. 82999 , 4.6
74 , APPLE iPhone 15 (Blue | 512 GB) , Rs. 102999 , 4.6
75 , APPLE iPhone 15 (Pink | 512 GB) , Rs. 102999 , 4.6
76 , APPLE iPhone 14 Plus (Starlight | 512 GB) , Rs. 96999 , 4.6
77 , APPLE iPhone 15 Plus (Green | 512 GB) , Rs. 112999 , 4.7
78 , APPLE iPhone 12 (Black | 256 GB) , Rs. 63999 , 4.6
79 , APPLE iPhone 15 Pro Max (Blue Titanium | 512 GB) , Rs. 176900 , 4.7
80 , APPLE iPhone 15 Pro (Natural Titanium | 1 TB) , Rs. 180990 , 4.7
81 , APPLE iPhone 15 Plus (Yellow | 512 GB) , Rs. 112999 , 4.7
82 , APPLE iPhone 15 (Black | 256 GB) , Rs. 82999 , 4.6
83 , APPLE iPhone 15 Pro (White Titanium | 1 TB) , Rs. 180990 , 4.7
84 , APPLE iPhone 15 (Yellow | 512 GB) , Rs. 102999 , 4.6
85 , APPLE iPhone 12 (Blue | 256 GB) , Rs. 63999 , 4.6
86 , APPLE iPhone 15 Pro (Black Titanium | 1 TB) , Rs. 180990 , 4.7
87 , APPLE iPhone 11 Pro Max (Midnight Green | 64 GB) , Rs. 109900 , 4.7
88 , APPLE iPhone 15 Pro (Black Titanium | 512 GB) , Rs. 161990 , 4.7
89 , APPLE iPhone 15 (Green | 512 GB) , Rs. 102999 , 4.6
90 , APPLE iPhone 13 (Green | 512 GB) , Rs. 82999 , 4.6
91 , APPLE iPhone 13 (Midnight | 512 GB) , Rs. 82999 , 4.6
92 , APPLE iPhone 15 Pro (Blue Titanium | 512 GB) , Rs. 161990 , 4.7
93 , APPLE iPhone 6 Plus (Silver | 64 GB) , Rs. 48999 , 4.5
94 , APPLE iPhone 8 (Silver | 64 GB) , Rs. 39900 , 4.5
95 , APPLE iPhone 5s (Silver | 16 GB) , Rs. 25000 , 4.4
96 , APPLE iPhone XS Max (Space Grey | 64 GB) , Rs. 109900 , 4.6
97 , APPLE iPhone 14 (Yellow | 256 GB) , Rs. 68999 , 4.6
98 , APPLE iPhone 5s (Space Grey | 16 GB) , Rs. 25000 , 4.4
99 , APPLE iPhone 8 (Silver | 256 GB) , Rs. 77000 , 4.5
100 , APPLE iPhone 8 (Space Grey | 256 GB) , Rs. 77000 , 4.5
101 , APPLE iPhone 8 (Gold | 256 GB) , Rs. 77000 , 4.5
102 , APPLE iPhone 8 Plus (Silver | 64 GB) , Rs. 49900 , 4.6
103 , APPLE iPhone 8 Plus (Space Grey | 64 GB) , Rs. 49900 , 4.6
104 , APPLE iPhone 8 Plus (Space Grey | 256 GB) , Rs. 84900 , 4.6
105 , APPLE iPhone 8 Plus (Silver | 256 GB) , Rs. 84900 , 4.6
106 , APPLE iPhone 8 (Gold | 64 GB) , Rs. 39900 , 4.5
107 , APPLE iPhone 8 Plus (Gold | 64 GB) , Rs. 49900 , 4.6
108 , APPLE iPhone 6 (Gold | 32 GB) , Rs. 30780 , 4.4
109 , APPLE iPhone 7 Plus (Gold | 128 GB) , Rs. 42900 , 4.5
110 , APPLE iPhone 6s Plus (Space Grey | 16 GB) , Rs. 72000 , 4.4
111 , APPLE iPhone 6s Plus (Gold | 32 GB) , Rs. 34900 , 4.4
112 , APPLE iPhone 6 (Space Grey | 16 GB) , Rs. 52000 , 4.4
113 , APPLE iPhone 15 Plus (Green | 128 GB) , Rs. 82999 , 4.7
114 , APPLE iPhone 13 (Blue | 128 GB) , Rs. 52999 , 4.6
115 , APPLE iPhone 11 (Black | 64 GB) , Rs. 43900 , 4.6
116 , APPLE iPhone 11 (White | 128 GB) , Rs. 48900 , 4.6
117 , APPLE iPhone 13 (Starlight | 256 GB) , Rs. 62999 , 4.6
118 , APPLE iPhone 15 Pro Max (Natural Titanium | 1 TB) , Rs. 196900 , 4.7
119 , APPLE iPhone 15 Pro Max (Natural Titanium | 512 GB) , Rs. 176900 , 4.7
120 , APPLE iPhone 15 (Yellow | 256 GB) , Rs. 82999 , 4.6
121 , APPLE iPhone 13 (Starlight | 128 GB) , Rs. 52999 , 4.6
122 , APPLE iPhone 15 Pro Max (Blue Titanium | 1 TB) , Rs. 196900 , 4.7
123 , APPLE iPhone 12 (Purple | 64 GB) , Rs. 43999 , 4.6
124 , APPLE iPhone 13 Pro Max (Gold | 1 TB) , Rs. 179900 , 4.6
125 , APPLE iPhone 13 Pro (Gold | 512 GB) , Rs. 149900 , 4.7
126 , APPLE iPhone 14 (Yellow | 512 GB) , Rs. 88999 , 4.6
127 , APPLE iPhone 14 ((PRODUCT)RED | 128 GB) , Rs. 59999 , 4.6
128 , APPLE iPhone 13 (Pink | 256 GB) , Rs. 62999 , 4.6
129 , APPLE iPhone 11 (Black | 128 GB) , Rs. 48900 , 4.6
130 , APPLE iPhone 15 Pro Max (Black Titanium | 1 TB) , Rs. 196900 , 4.7
131 , APPLE iPhone 13 Pro Max (Sierra Blue | 1 TB) , Rs. 179900 , 4.6
132 , APPLE iPhone 15 Plus (Yellow | 256 GB) , Rs. 92999 , 4.7
133 , APPLE iPhone 12 (Green | 128 GB) , Rs. 49999 , 4.6
134 , APPLE iPhone XR (Coral | 64 GB) , Rs. 47900 , 4.6
135 , APPLE iPhone 12 (Black | 128 GB) , Rs. 49999 , 4.6
136 , APPLE iPhone 13 Pro (Sierra Blue | 1 TB) , Rs. 169900 , 4.7
137 , APPLE iPhone 13 (Green | 128 GB) , Rs. 52999 , 4.6
138 , APPLE iPhone 14 Plus (Yellow | 512 GB) , Rs. 96999 , 4.6
139 , APPLE iPhone 11 (Purple | 64 GB) , Rs. 43900 , 4.6
140 , APPLE iPhone 13 (Green | 256 GB) , Rs. 62999 , 4.6
141 , APPLE iPhone 13 (Pink | 512 GB) , Rs. 82999 , 4.6
142 , APPLE iPhone 14 Plus (Blue | 256 GB) , Rs. 76999 , 4.6
143 , APPLE iPhone 15 Plus (Black | 512 GB) , Rs. 112999 , 4.7
144 , APPLE iPhone SE 3rd Gen (Product (Red) | 64 GB) , Rs. 49900 , 4.4
145 , APPLE iPhone 14 Plus (Starlight | 512 GB) , Rs. 96999 , 4.6
146 , APPLE iPhone 13 Pro Max (Alpine Green | 256 GB) , Rs. 139900 , 4.6
147 , APPLE iPhone 11 Pro Max (Space Grey | 64 GB) , Rs. 117100 , 4.7
148 , APPLE iPhone 14 Pro Max (Silver | 1 TB) , Rs. 177999 , 4.6
149 , APPLE iPhone 13 Pro (Gold | 256 GB) , Rs. 129900 , 4.7
150 , APPLE iPhone 13 mini (Blue | 256 GB) , Rs. 74900 , 4.5
151 , APPLE iPhone 14 Plus (Purple | 256 GB) , Rs. 76999 , 4.6
152 , APPLE iPhone 15 Plus (Green | 256 GB) , Rs. 92999 , 4.7
153 , APPLE iPhone 15 Plus (Black | 256 GB) , Rs. 92999 , 4.7
154 , APPLE iPhone 14 Plus (Purple | 512 GB) , Rs. 96999 , 4.6
155 , APPLE iPhone 13 Pro Max (Gold | 256 GB) , Rs. 139900 , 4.6
156 , APPLE iPhone 12 (Purple | 128 GB) , Rs. 49999 , 4.6
157 , APPLE iPhone 11 (Green | 64 GB) , Rs. 43900 , 4.6
158 , APPLE iPhone 12 mini (White | 128 GB) , Rs. 64900 , 4.5
159 , APPLE iPhone 12 (Red | 64 GB) , Rs. 43999 , 4.6
160 , APPLE iPhone 15 (Green | 256 GB) , Rs. 82999 , 4.6
161 , APPLE iPhone 14 Plus (Yellow | 256 GB) , Rs. 76999 , 4.6
162 , APPLE iPhone SE 3rd Gen (Starlight | 128 GB) , Rs. 54900 , 4.4
163 , APPLE iPhone 12 (Red | 128 GB) , Rs. 49999 , 4.6
164 , APPLE iPhone 14 Pro Max (Gold | 128 GB) , Rs. 134900 , 4.6
165 , APPLE iPhone 14 Pro Max (Space Black | 1 TB) , Rs. 177999 , 4.6
166 , APPLE iPhone 11 Pro Max (Gold | 64 GB) , Rs. 117100 , 4.7
167 , APPLE iPhone 14 ((PRODUCT)RED | 256 GB) , Rs. 68999 , 4.6
168 , APPLE iPhone XR (Black | 128 GB) , Rs. 52900 , 4.6
169 , APPLE iPhone 14 Plus (Midnight | 512 GB) , Rs. 96999 , 4.6
170 , APPLE iPhone SE (Black | 64 GB) , Rs. 39900 , 4.5
171 , APPLE iPhone 13 mini (Green | 512 GB) , Rs. 94900 , 4.5
172 , APPLE iPhone 14 Plus (Blue | 512 GB) , Rs. 96999 , 4.6
173 , APPLE iPhone 14 Plus (Midnight | 256 GB) , Rs. 76999 , 4.6
174 , APPLE iPhone 15 Plus (Blue | 256 GB) , Rs. 92999 , 4.7
175 , APPLE iPhone 12 mini (Green | 64 GB) , Rs. 59900 , 4.5
176 , APPLE iPhone 14 Plus ((PRODUCT)RED | 128 GB) , Rs. 66999 , 4.6
177 , APPLE iPhone SE 3rd Gen (Product (Red) | 128 GB) , Rs. 54900 , 4.4
178 , APPLE iPhone 14 Plus (Starlight | 256 GB) , Rs. 76999 , 4.6
179 , APPLE iPhone 14 Pro (Space Black | 128 GB) , Rs. 119900 , 4.6
180 , APPLE iPhone 12 Pro Max (Graphite | 256 GB) , Rs. 129900 , 4.5
181 , APPLE iPhone 12 mini (Purple | 64 GB) , Rs. 59900 , 4.5
182 , APPLE iPhone 12 mini (Blue | 128 GB) , Rs. 64900 , 4.5
183 , APPLE iPhone 14 Pro Max (Deep Purple | 128 GB) , Rs. 134900 , 4.6
184 , APPLE iPhone 12 mini (White | 64 GB) , Rs. 59900 , 4.5
185 , APPLE iPhone 12 mini (Blue | 64 GB) , Rs. 59900 , 4.5
186 , APPLE iPhone 5C (White | 32 GB) , Rs. 53500 , 3.9
187 , APPLE iPhone 5C (Blue | 16 GB) , Rs. 41900 , 3.9
188 , APPLE iPhone 5C (White | 8 GB) , Rs. 14999 , 3.9
189 , APPLE iPhone 5C (Blue | 8 GB) , Rs. 14999 , 3.9
190 , APPLE iPhone 5C (Green | 16 GB) , Rs. 41900 , 3.9
191 , APPLE iPhone 5s (Gold | 16 GB) , Rs. 14999 , 4.4
192 , APPLE iPhone 13 Pro (Gold | 1 TB) , Rs. 169900 , 4.7
193 , APPLE iPhone 13 Pro (Alpine Green | 1 TB) , Rs. 169900 , 4.7
194 , APPLE iPhone 13 Pro (Sierra Blue | 512 GB) , Rs. 149900 , 4.7
195 , Apple iPhone XR (Coral | 256 GB) (Includes EarPods | Power Adapter) , Rs. 91900 , 4.6
196 , APPLE iPhone 11 Pro (Silver | 512 GB) , Rs. 140300 , 4.6
197 , APPLE iPhone 7 Plus (Gold | 256 GB) , Rs. 85400 , 4.5
198 , APPLE iPhone 13 Pro Max (Gold | 512 GB) , Rs. 159900 , 4.6
199 , APPLE iPhone 14 Plus ((PRODUCT)RED | 512 GB) , Rs. 96999 , 4.6
200 , APPLE iPhone 13 Pro (Alpine Green | 512 GB) , Rs. 149900 , 4.7
201 , APPLE iPhone 13 mini (Midnight | 256 GB) , Rs. 74900 , 4.5
202 , APPLE iPhone 11 Pro (Space Grey | 512 GB) , Rs. 140300 , 4.6
203 , APPLE iPhone 13 Pro (Graphite | 512 GB) , Rs. 149900 , 4.7
204 , APPLE iPhone 13 Pro Max (Silver | 512 GB) , Rs. 159900 , 4.6
205 , APPLE iPhone 7 (Silver | 128 GB) , Rs. 34900 , 4.5
206 , APPLE iPhone 6s (Rose Gold | 128 GB) , Rs. 55999 , 4.5
207 , APPLE iPhone 6s (Space Grey | 64 GB) , Rs. 49999 , 4.5
208 , APPLE iPhone 7 Plus (Rose Gold | 256 GB) , Rs. 85400 , 4.5
209 , APPLE iPhone 7 Plus (Silver | 128 GB) , Rs. 42900 , 4.5
210 , APPLE iPhone 13 Pro Max (Sierra Blue | 256 GB) , Rs. 139900 , 4.6
211 , Apple iPhone XR (Blue | 128 GB) (Includes EarPods | Power Adapter) , Rs. 52900 , 4.6
212 , APPLE iPhone 7 (Silver | 256 GB) , Rs. 74400 , 4.5
213 , APPLE iPhone 6s Plus (Space Grey | 64 GB) , Rs. 59999 , 4.4
214 , Apple iPhone XR (Coral | 64 GB) (Includes EarPods | Power Adapter) , Rs. 47900 , 4.6
215 , APPLE iPhone 13 Pro Max (Alpine Green | 512 GB) , Rs. 159900 , 4.6
216 , APPLE iPhone 11 Pro (Gold | 512 GB) , Rs. 140300 , 4.6
217 , APPLE iPhone 7 Plus (Red | 128 GB) , Rs. 42900 , 4.5
218 , APPLE iPhone 13 mini (Starlight | 512 GB) , Rs. 94900 , 4.5
219 , APPLE iPhone SE 3rd Gen (Starlight | 256 GB) , Rs. 64900 , 4.4
220 , APPLE iPhone SE 3rd Gen (Product (Red) | 256 GB) , Rs. 64900 , 4.4
221 , Apple iPhone XR (White | 256 GB) (Includes EarPods | Power Adapter) , Rs. 91900 , 4.6
222 , APPLE iPhone 13 Pro (Sierra Blue | 256 GB) , Rs. 129900 , 4.7
223 , APPLE iPhone SE 3rd Gen (Midnight | 64 GB) , Rs. 49900 , 4.4
224 , APPLE iPhone XR (Blue | 64 GB) , Rs. 47900 , 4.6
225 , APPLE iPhone 7 Plus (Jet Black | 32 GB) , Rs. 37900 , 4.5
226 , APPLE iPhone 11 Pro Max (Midnight Green | 256 GB) , Rs. 131900 , 4.7
227 , APPLE iPhone 7 Plus (Silver | 256 GB) , Rs. 85400 , 4.5
228 , APPLE iPhone 13 Pro Max (Sierra Blue | 512 GB) , Rs. 159900 , 4.6
229 , APPLE iPhone 13 Pro (Graphite | 1 TB) , Rs. 169900 , 4.7
230 , APPLE iPhone 7 (Red | 128 GB) , Rs. 34900 , 4.5
231 , APPLE iPhone 13 mini (Blue | 512 GB) , Rs. 94900 , 4.5
232 , APPLE iPhone 6s Plus (Silver | 64 GB) , Rs. 59999 , 4.4
233 , Apple iPhone XR (Yellow | 64 GB) (Includes EarPods | Power Adapter) , Rs. 47900 , 4.6
234 , APPLE iPhone 6s (Silver | 16 GB) , Rs. 41999 , 4.5
235 , APPLE iPhone 6s (Silver | 64 GB) , Rs. 49999 , 4.5
236 , APPLE iPhone XR (Yellow | 64 GB) , Rs. 47900 , 4.6
237 , APPLE iPhone 8 (PRODUCT)RED (Red | 256 GB) , Rs. 81500 , 4.7
238 , APPLE iPhone 7 (Rose Gold | 256 GB) , Rs. 74400 , 4.5
239 , APPLE iPhone XR (Yellow | 128 GB) , Rs. 52900 , 4.6
240 , APPLE iPhone 14 Pro (Silver | 1 TB) , Rs. 169900 , 4.6
241 , APPLE iPhone 7 (Rose Gold | 32 GB) , Rs. 31500 , 4.5
242 , APPLE iPhone 7 Plus (Jet Black | 256 GB) , Rs. 85400 , 4.5
243 , APPLE iPhone 13 mini ((PRODUCT)RED | 256 GB) , Rs. 74900 , 4.5
244 , APPLE iPhone 11 Pro (Midnight Green | 512 GB) , Rs. 140300 , 4.6
245 , Apple iPhone XR (Yellow | 256 GB) (Includes EarPods | Power Adapter) , Rs. 91900 , 4.6
246 , APPLE iPhone 11 Pro Max (Silver | 64 GB) , Rs. 117100 , 4.7
247 , APPLE iPhone 6s Plus (Space Grey | 32 GB) , Rs. 34900 , 4.4
248 , APPLE iPhone 13 mini (Midnight | 512 GB) , Rs. 94900 , 4.5
249 , APPLE iPhone 13 Pro (Silver | 512 GB) , Rs. 149900 , 4.7
250 , APPLE iPhone 11 Pro (Silver | 64 GB) , Rs. 106600 , 4.6
251 , APPLE iPhone 6s (Silver | 128 GB) , Rs. 55999 , 4.5
252 , APPLE iPhone 13 Pro Max (Graphite | 256 GB) , Rs. 139900 , 4.6
253 , APPLE iPhone 13 mini (Pink | 256 GB) , Rs. 74900 , 4.5
254 , APPLE iPhone 7 (Gold | 256 GB) , Rs. 74400 , 4.5
255 , APPLE iPhone 7 (Jet Black | 256 GB) , Rs. 74400 , 4.5
256 , APPLE iPhone 6s Plus (Space Grey | 128 GB) , Rs. 92000 , 4.4
257 , APPLE iPhone 6s Plus (Rose Gold | 64 GB) , Rs. 59999 , 4.4
258 , APPLE iPhone 14 Pro (Space Black | 1 TB) , Rs. 169900 , 4.6
259 , Apple iPhone XR (Blue | 64 GB) (Includes EarPods | Power Adapter) , Rs. 47900 , 4.6
260 , APPLE iPhone 7 Plus (Jet Black | 128 GB) , Rs. 42900 , 4.5
261 , APPLE iPhone 7 (Silver | 32 GB) , Rs. 31500 , 4.5
262 , APPLE iPhone 7 (Gold | 32 GB) , Rs. 31500 , 4.5
263 , APPLE iPhone 11 Pro Max (Silver | 256 GB) , Rs. 131900 , 4.7
264 , Apple iPhone XR (Blue | 256 GB) (Includes EarPods | Power Adapter) , Rs. 91900 , 4.6
265 , APPLE iPhone 7 (Jet Black | 128 GB) , Rs. 34900 , 4.5
266 , APPLE iPhone 6s (Gold | 128 GB) , Rs. 55999 , 4.5
267 , APPLE iPhone 6s Plus (Gold | 64 GB) , Rs. 59999 , 4.4
268 , APPLE iPhone 13 Pro (Silver | 256 GB) , Rs. 129900 , 4.7
269 , APPLE iPhone 11 Pro (Silver | 256 GB) , Rs. 121300 , 4.6
270 , APPLE iPhone 12 Pro (Gold | 512 GB) , Rs. 139900 , 4.5
271 , APPLE iPhone 7 (Gold | 128 GB) , Rs. 34900 , 4.5
272 , APPLE iPhone 13 Pro (Alpine Green | 256 GB) , Rs. 129900 , 4.7
273 , APPLE iPhone 7 (Rose Gold | 128 GB) , Rs. 34900 , 4.5
274 , APPLE iPhone 6s Plus (Rose Gold | 32 GB) , Rs. 34900 , 4.4
275 , APPLE iPhone 7 (Jet Black | 32 GB) , Rs. 31500 , 4.5
276 , APPLE iPhone 13 Pro Max (Graphite | 128 GB) , Rs. 129900 , 4.6
277 , APPLE iPhone 11 (Yellow | 64 GB) , Rs. 43900 , 4.6
278 , APPLE iPhone 6s (Gold | 16 GB) , Rs. 41999 , 4.5
279 , APPLE iPhone 6s Plus (Silver | 32 GB) , Rs. 34900 , 4.4
280 , APPLE iPhone 13 Pro Max (Silver | 256 GB) , Rs. 139900 , 4.6
281 , APPLE iPhone 11 Pro Max (Space Grey | 256 GB) , Rs. 131900 , 4.7
282 , APPLE iPhone 12 Pro (Graphite | 512 GB) , Rs. 139900 , 4.5
283 , APPLE iPhone 8 Plus (PRODUCT)RED (Red | 64 GB) , Rs. 49900 , 4.6
284 , Apple iPhone SE (White | 256 GB) (Includes EarPods | Power Adapter) , Rs. 54900 , 4.5
285 , APPLE iPhone 12 Pro (Pacific Blue | 512 GB) , Rs. 139900 , 4.5
286 , APPLE iPhone 7 Plus (Gold | 32 GB) , Rs. 37900 , 4.5
287 , APPLE iPhone 7 Plus (Rose Gold | 128 GB) , Rs. 42900 , 4.5
288 , APPLE iPhone 14 Plus (Yellow | 128 GB) , Rs. 66999 , 4.6
289 , APPLE iPhone 14 Pro (Space Black | 512 GB) , Rs. 149900 , 4.6
290 , APPLE iPhone 7 Plus (Silver | 32 GB) , Rs. 37900 , 4.5
291 , APPLE iPhone 11 Pro (Space Grey | 256 GB) , Rs. 121300 , 4.6
292 , APPLE iPhone XR ((PRODUCT)RED | 64 GB) , Rs. 47900 , 4.6
293 , APPLE iPhone 13 mini ((PRODUCT)RED | 512 GB) , Rs. 94900 , 4.5
294 , APPLE iPhone SE 3rd Gen (Midnight | 128 GB) , Rs. 54900 , 4.4
295 , APPLE iPhone 12 Pro Max (Graphite | 128 GB) , Rs. 119900 , 4.5
296 , Apple iPhone SE (Red | 128 GB) (Includes EarPods | Power Adapter) , Rs. 44900 , 4.5
297 , APPLE iPhone 7 (Black | 128 GB) , Rs. 34900 , 4.5
298 , APPLE iPhone XR ((PRODUCT)RED | 128 GB) , Rs. 52900 , 4.6
299 , APPLE iPhone 6s (Space Grey | 128 GB) , Rs. 82000 , 4.5
300 , Apple iPhone XR (White | 64 GB) (Includes EarPods | Power Adapter) , Rs. 47900 , 4.6
301 , APPLE iPhone SE (Red | 128 GB) , Rs. 44900 , 4.5
302 , APPLE iPhone 13 mini (Starlight | 256 GB) , Rs. 74900 , 4.5
303 , Apple iPhone SE (Black | 256 GB) (Includes EarPods | Power Adapter) , Rs. 54900 , 4.5
304 , Apple iPhone XR ((PRODUCT)RED | 256 GB) (Includes EarPods | Power Adapter) , Rs. 91900 , 4.6
305 , APPLE iPhone XR (Coral | 128 GB) , Rs. 52900 , 4.6
306 , APPLE iPhone SE (White | 256 GB) , Rs. 54900 , 4.5
307 , Apple iPhone XR ((PRODUCT)RED | 128 GB) (Includes EarPods | Power Adapter) , Rs. 52900 , 4.6
308 , APPLE iPhone 11 (Purple | 128 GB) , Rs. 48900 , 4.6
309 , APPLE iPhone 12 (Green | 256 GB) , Rs. 63999 , 4.6
310 , APPLE iPhone 8 Plus (Gold | 256 GB) , Rs. 84900 , 4.6
311 , APPLE iPhone 7 Plus (Rose Gold | 32 GB) , Rs. 37900 , 4.5
312 , APPLE iPhone 8 (Space Grey | 64 GB) , Rs. 39900 , 4.5
313 , APPLE iPhone 14 Pro (Deep Purple | 256 GB) , Rs. 129900 , 4.6
314 , APPLE iPhone 6s (Rose Gold | 16 GB) , Rs. 31999 , 4.5
315 , APPLE iPhone 14 Pro Max (Gold | 512 GB) , Rs. 157999 , 4.6
316 , APPLE iPhone 12 mini (Purple | 128 GB) , Rs. 64900 , 4.5
317 , APPLE iPhone 14 Pro Max (Gold | 1 TB) , Rs. 177999 , 4.6
318 , APPLE iPhone XR (White | 64 GB) , Rs. 47900 , 4.6
319 , APPLE iPhone 14 Pro (Silver | 512 GB) , Rs. 149900 , 4.6
320 , APPLE iPhone 13 Pro (Graphite | 128 GB) , Rs. 119900 , 4.7
321 , APPLE iPhone 11 Pro Max (Space Grey | 512 GB) , Rs. 150800 , 4.7
322 , APPLE iPhone 12 (Red | 256 GB) , Rs. 63999 , 4.6
323 , APPLE iPhone 12 mini (Black | 256 GB) , Rs. 74900 , 4.5
324 , APPLE iPhone 6s (Rose Gold | 32 GB) , Rs. 29900 , 4.5
325 , APPLE iPhone SE (Black | 128 GB) , Rs. 44900 , 4.5
326 , APPLE iPhone 11 Pro (Midnight Green | 256 GB) , Rs. 121300 , 4.6
327 , APPLE iPhone 11 Pro Max (Gold | 256 GB) , Rs. 131900 , 4.7
328 , APPLE iPhone 14 Pro (Deep Purple | 512 GB) , Rs. 149900 , 4.6
329 , APPLE iPhone 14 Pro (Gold | 256 GB) , Rs. 129900 , 4.6
330 , APPLE iPhone 11 (Yellow | 128 GB) , Rs. 48900 , 4.6
331 , Apple iPhone XR ((PRODUCT)RED | 64 GB) (Includes EarPods | Power Adapter) , Rs. 47900 , 4.6
332 , APPLE iPhone 13 mini (Green | 256 GB) , Rs. 74900 , 4.5
333 , APPLE iPhone 12 Pro (Gold | 256 GB) , Rs. 119900 , 4.5
334 , APPLE iPhone 6s Plus (Rose Gold | 128 GB) , Rs. 70000 , 4.4
335 , APPLE iPhone 14 Plus ((PRODUCT)RED | 256 GB) , Rs. 76999 , 4.6
336 , APPLE iPhone 11 Pro (Gold | 64 GB) , Rs. 106600 , 4.6
337 , APPLE iPhone 7 (PRODUCT) (Red | 256 GB) , Rs. 74400 , 4.7
338 , APPLE iPhone 13 ((PRODUCT)RED | 256 GB) , Rs. 62999 , 4.6
339 , APPLE iPhone XS Max (Space Grey | 256 GB) , Rs. 124900 , 4.6
340 , APPLE iPhone 11 Pro (Space Grey | 64 GB) , Rs. 106600 , 4.6
341 , APPLE iPhone 11 (Green | 128 GB) , Rs. 48900 , 4.6
342 , APPLE iPhone 6s (Rose Gold | 64 GB) , Rs. 72000 , 4.5
343 , APPLE iPhone 7 Plus (Black | 256 GB) , Rs. 85400 , 4.5
344 , Apple iPhone XR (Yellow | 128 GB) (Includes EarPods | Power Adapter) , Rs. 52900 , 4.6
345 , APPLE iPhone 12 mini (Purple | 256 GB) , Rs. 74900 , 4.5
346 , APPLE iPhone 12 mini (Green | 256 GB) , Rs. 74900 , 4.5
347 , Apple iPhone SE (White | 128 GB) (Includes EarPods | Power Adapter) , Rs. 44900 , 4.5
348 , APPLE iPhone 12 Pro Max (Graphite | 512 GB) , Rs. 149900 , 4.5
349 , Apple iPhone SE (White | 64 GB) (Includes EarPods | Power Adapter) , Rs. 39900 , 4.5
350 , APPLE iPhone 13 Pro (Sierra Blue | 128 GB) , Rs. 119900 , 4.7
351 , APPLE iPhone 12 mini (Green | 128 GB) , Rs. 64900 , 4.5
352 , APPLE iPhone 7 (Black | 256 GB) , Rs. 74400 , 4.5
353 , APPLE iPhone 14 Pro Max (Silver | 512 GB) , Rs. 157999 , 4.6
354 , APPLE iPhone 12 Pro (Pacific Blue | 256 GB) , Rs. 119900 , 4.5
355 , APPLE iPhone 6s Plus (Gold | 128 GB) , Rs. 92000 , 4.4
356 , APPLE iPhone SE 3rd Gen (Starlight | 64 GB) , Rs. 49900 , 4.4
357 , APPLE iPhone 12 Pro (Silver | 256 GB) , Rs. 119900 , 4.5
358 , Apple iPhone SE (Red | 64 GB) (Includes EarPods | Power Adapter) , Rs. 39900 , 4.5
359 , APPLE iPhone SE (Red | 256 GB) , Rs. 54900 , 4.5
360 , APPLE iPhone 14 Pro Max (Space Black | 128 GB) , Rs. 134900 , 4.6
361 , APPLE iPhone 14 Pro (Silver | 256 GB) , Rs. 129900 , 4.6
362 , APPLE iPhone 12 mini (White | 256 GB) , Rs. 74900 , 4.5
363 , APPLE iPhone 13 mini (Pink | 128 GB) , Rs. 64900 , 4.5
364 , APPLE iPhone 14 Pro (Gold | 512 GB) , Rs. 149900 , 4.6
365 , APPLE iPhone SE (Black | 256 GB) , Rs. 54900 , 4.5
366 , APPLE iPhone 13 Pro Max (Silver | 128 GB) , Rs. 129900 , 4.6
367 , APPLE iPhone 14 Pro Max (Space Black | 512 GB) , Rs. 157999 , 4.6
368 , APPLE iPhone 12 Pro Max (Gold | 512 GB) , Rs. 149900 , 4.5
369 , APPLE iPhone 12 mini (Red | 256 GB) , Rs. 74900 , 4.5
370 , APPLE iPhone 14 Pro Max (Deep Purple | 512 GB) , Rs. 157999 , 4.6
371 , APPLE iPhone 11 Pro Max (Midnight Green | 512 GB) , Rs. 150800 , 4.7
372 , APPLE iPhone 12 Pro (Silver | 128 GB) , Rs. 109900 , 4.5
373 , APPLE iPhone 6 (Space Grey | 32 GB) , Rs. 30780 , 4.4
374 , APPLE iPhone 12 mini (Red | 128 GB) , Rs. 64900 , 4.5
375 , APPLE iPhone XR (White | 128 GB) , Rs. 52900 , 4.6
376 , APPLE iPhone SE (Red | 64 GB) , Rs. 39900 , 4.5
377 , APPLE iPhone 6s (Silver | 32 GB) , Rs. 29900 , 4.5
378 , APPLE iPhone 11 Pro (Midnight Green | 64 GB) , Rs. 106600 , 4.6
379 , APPLE iPhone 12 Pro Max (Silver | 256 GB) , Rs. 129900 , 4.5
380 , APPLE iPhone 6s (Space Grey | 16 GB) , Rs. 62000 , 4.5
381 , APPLE iPhone 8 (PRODUCT)RED (Red | 64 GB) , Rs. 39900 , 4.7
382 , Apple iPhone XR (Black | 256 GB) (Includes EarPods | Power Adapter) , Rs. 91900 , 4.6
383 , APPLE iPhone 12 Pro Max (Gold | 128 GB) , Rs. 119900 , 4.5
384 , APPLE iPhone 13 Pro (Alpine Green | 128 GB) , Rs. 119900 , 4.7
385 , APPLE iPhone 13 mini ((PRODUCT)RED | 128 GB) , Rs. 64900 , 4.5
386 , APPLE iPhone 12 Pro Max (Silver | 512 GB) , Rs. 149900 , 4.5
387 , APPLE iPhone 8 Plus (PRODUCT)RED (Red | 256 GB) , Rs. 84900 , 4.6
388 , Apple iPhone SE (Black | 128 GB) (Includes EarPods | Power Adapter) , Rs. 44900 , 4.5
389 , APPLE iPhone 7 Plus (PRODUCT) (Red | 256 GB) , Rs. 85400 , 5
390 , Apple iPhone XR (White | 128 GB) (Includes EarPods | Power Adapter) , Rs. 52900 , 4.6
391 , APPLE iPhone 6s Plus (Silver | 128 GB) , Rs. 70000 , 4.4
392 , APPLE iPhone 13 Pro Max (Alpine Green | 128 GB) , Rs. 129900 , 4.6
393 , APPLE iPhone 11 Pro (Gold | 256 GB) , Rs. 121300 , 4.6
394 , APPLE iPhone 14 Pro (Space Black | 256 GB) , Rs. 129900 , 4.6
395 , APPLE iPhone 7 Plus (Black | 32 GB) , Rs. 37900 , 4.5
396 , APPLE iPhone 12 Pro (Silver | 512 GB) , Rs. 139900 , 4.5
397 , APPLE iPhone 13 mini (Midnight | 128 GB) , Rs. 64900 , 4.5
398 , APPLE iPhone 7 (Black | 32 GB) , Rs. 31500 , 4.5
399 , APPLE iPhone XS Max (Gold | 256 GB) , Rs. 124900 , 4.6
400 , APPLE iPhone 6 Plus (Space Grey | 16 GB) , Rs. 39999 , 4.5
401 , APPLE iPhone 14 Pro (Deep Purple | 1 TB) , Rs. 169900 , 4.6
402 , Apple iPhone XR (Coral | 128 GB) (Includes EarPods | Power Adapter) , Rs. 52900 , 4.6
403 , APPLE iPhone 14 Pro Max (Deep Purple | 256 GB) , Rs. 144900 , 4.6
404 , Apple iPhone XR (Black | 64 GB) (Includes EarPods | Power Adapter) , Rs. 47900 , 4.6
405 , APPLE iPhone 13 ((PRODUCT)RED | 128 GB) , Rs. 52999 , 4.6
406 , APPLE iPhone 11 Pro Max (Silver | 512 GB) , Rs. 150800 , 4.7
407 , APPLE iPhone 14 Pro Max (Deep Purple | 1 TB) , Rs. 177999 , 4.6
408 , APPLE iPhone 14 Pro Max (Silver | 256 GB) , Rs. 144900 , 4.6
409 , APPLE iPhone 6s Plus (Rose Gold | 16 GB) , Rs. 49999 , 4.4
410 , APPLE iPhone 12 mini (Red | 64 GB) , Rs. 59900 , 4.5
411 , APPLE iPhone 11 (Red | 128 GB) , Rs. 48900 , 4.6
412 , APPLE iPhone XS Max (Space Grey | 512 GB) , Rs. 144900 , 4.6
413 , APPLE iPhone 6s Plus (Gold | 16 GB) , Rs. 49999 , 4.4
414 , APPLE iPhone 6 Plus (Space Grey | 64 GB) , Rs. 48999 , 4.5
415 , APPLE iPhone 14 Pro (Gold | 1 TB) , Rs. 169900 , 4.6
416 , Apple iPhone SE (Red | 256 GB) (Includes EarPods | Power Adapter) , Rs. 54900 , 4.5
417 , APPLE iPhone XS Max (Silver | 512 GB) , Rs. 144900 , 4.6
418 , APPLE iPhone 13 Pro (Gold | 128 GB) , Rs. 119900 , 4.7
419 , APPLE iPhone 7 Plus (Black | 128 GB) , Rs. 42900 , 4.5
420 , APPLE iPhone 13 Pro Max (Gold | 128 GB) , Rs. 129900 , 4.6
421 , APPLE iPhone 12 Pro (Pacific Blue | 128 GB) , Rs. 109900 , 4.5
422 , APPLE iPhone 12 mini (Black | 64 GB) , Rs. 59900 , 4.5
423 , APPLE iPhone 6s Plus (Silver | 16 GB) , Rs. 49999 , 4.4
424 , APPLE iPhone 6 (Space Grey | 64 GB) , Rs. 44999 , 4.4
425 , APPLE iPhone XS (Silver | 256 GB) , Rs. 103900 , 4.7
426 , APPLE iPhone X (Space Gray | 256 GB) , Rs. 106900 , 4.6
427 , APPLE iPhone 6 Plus (Silver | 128 GB) , Rs. 48999 , 4.5
428 , APPLE iPhone 12 mini (Black | 128 GB) , Rs. 64900 , 4.5
429 , APPLE iPhone 13 mini (Pink | 512 GB) , Rs. 94900 , 4.5
430 , APPLE iPhone X (Silver | 64 GB) , Rs. 91900 , 4.6
431 , APPLE iPhone 12 Pro Max (Silver | 128 GB) , Rs. 119900 , 4.5
432 , APPLE iPhone XS (Space Grey | 256 GB) , Rs. 103900 , 4.7
433 , APPLE iPhone 12 Pro Max (Gold | 256 GB) , Rs. 129900 , 4.5
434 , APPLE iPhone 13 Pro (Graphite | 256 GB) , Rs. 129900 , 4.7
435 , APPLE iPhone 14 Pro Max (Space Black | 256 GB) , Rs. 144900 , 4.6
436 , APPLE iPhone 12 Pro (Graphite | 256 GB) , Rs. 119900 , 4.5
437 , APPLE iPhone X (Space Gray | 64 GB) , Rs. 91900 , 4.6
438 , APPLE iPhone 12 Pro Max (Pacific Blue | 512 GB) , Rs. 149900 , 4.5
439 , APPLE iPhone 6s (Gold | 64 GB) , Rs. 49999 , 4.5
440 , APPLE iPhone 12 Pro Max (Pacific Blue | 128 GB) , Rs. 119900 , 4.5
441 , APPLE iPhone 14 Pro (Deep Purple | 128 GB) , Rs. 119900 , 4.6
442 , APPLE iPhone 6 (Gold | 128 GB) , Rs. 49999 , 4.4
443 , APPLE iPhone 13 mini (Green | 128 GB) , Rs. 64900 , 4.5
444 , APPLE iPhone 13 Pro Max (Sierra Blue | 128 GB) , Rs. 129900 , 4.6
445 , APPLE iPhone XS (Gold | 512 GB) , Rs. 134900 , 4.7
446 , APPLE iPhone 6 (Gold | 64 GB) , Rs. 62500 , 4.4
447 , Apple iPhone SE (Black | 64 GB) (Includes EarPods | Power Adapter) , Rs. 39900 , 4.5
448 , APPLE iPhone XS (Space Grey | 512 GB) , Rs. 134900 , 4.7
449 , APPLE iPhone 6 (Silver | 64 GB) , Rs. 62000 , 4.4
450 , APPLE iPhone XS (Gold | 256 GB) , Rs. 103900 , 4.7
451 , APPLE iPhone 13 mini (Starlight | 128 GB) , Rs. 64900 , 4.5
452 , APPLE iPhone XR (Black | 64 GB) , Rs. 47900 , 4.6
453 , APPLE iPhone 13 Pro (Silver | 128 GB) , Rs. 119900 , 4.7
454 , APPLE iPhone 6 Plus (Silver | 16 GB) , Rs. 40999 , 4.5
455 , APPLE iPhone 6 (Silver | 16 GB) , Rs. 36990 , 4.4
456 , APPLE iPhone 12 Pro Max (Pacific Blue | 256 GB) , Rs. 129900 , 4.5
457 , APPLE iPhone XS Max (Silver | 64 GB) , Rs. 109900 , 4.6
458 , APPLE iPhone 12 Pro (Graphite | 128 GB) , Rs. 109900 , 4.5
459 , APPLE iPhone 14 Pro (Gold | 128 GB) , Rs. 119900 , 4.6
460 , APPLE iPhone 14 Pro Max (Gold | 256 GB) , Rs. 144900 , 4.6
461 , APPLE iPhone XS (Silver | 64 GB) , Rs. 89900 , 4.7
462 , APPLE iPhone X (Silver | 256 GB) , Rs. 106900 , 4.6
463 , APPLE iPhone 12 mini (Blue | 256 GB) , Rs. 74900 , 4.5
464 , APPLE iPhone 6 (Silver | 128 GB) , Rs. 71500 , 4.4
465 , APPLE iPhone 6 (Grey | 128 GB) , Rs. 71500 , 4.4
466 , APPLE iPhone SE (White | 128 GB) , Rs. 44900 , 4.5
467 , APPLE iPhone XR (Blue | 128 GB) , Rs. 52900 , 4.6
468 , APPLE iPhone XS Max (Gold | 512 GB) , Rs. 144900 , 4.6
469 , APPLE iPhone XS (Space Grey | 64 GB) , Rs. 89900 , 4.7
470 , APPLE iPhone XS Max (Gold | 64 GB) , Rs. 109900 , 4.6
471 , APPLE iPhone SE 3rd Gen (Midnight | 256 GB) , Rs. 64900 , 4.4
472 , APPLE IPhone 4 (Black | 8 GB) , Rs. 22900 , 4.1
473 , APPLE iPhone 13 mini (Blue | 128 GB) , Rs. 64900 , 4.5
474 , APPLE iPhone XS (Gold | 64 GB) , Rs. 89900 , 4.7
475 , Apple iPhone XR (Black | 128 GB) (Includes EarPods | Power Adapter) , Rs. 52900 , 4.6
476 , APPLE iPhone 6s (Space Grey | 32 GB) , Rs. 29900 , 4.5
477 , APPLE iPhone XS Max (Silver | 256 GB) , Rs. 124900 , 4.6
478 , APPLE iPhone 12 Pro (Gold | 128 GB) , Rs. 109900 , 4.5
479 , APPLE iPhone 14 Pro Max (Silver | 128 GB) , Rs. 134900 , 4.6
480 , APPLE iPhone XS (Silver | 512 GB) , Rs. 134900 , 4.7
481 , APPLE iPhone 14 Pro (Silver | 128 GB) , Rs. 119900 , 4.6
482 , APPLE iPhone 5C (White | 16 GB) , Rs. 41900 , 3.9
483 , APPLE iPhone 5C (Yellow | 8 GB) , Rs. 37500 , 3.9
484 , APPLE iPhone 5C (Green | 8 GB) , Rs. 37500 , 3.9
485 , APPLE iPhone 5C (Pink | 8 GB) , Rs. 37500 , 3.9
486 , APPLE iPhone 6 Plus (Space Grey | 128 GB) , Rs. 80500 , 4.5
487 , APPLE iPhone 6 Plus (Gold | 64 GB) , Rs. 71500 , 4.5
488 , APPLE IPhone 4 (White | 8 GB) , Rs. 13999 , 4.1
489 , APPLE iPhone 6s (Gold | 32 GB) , Rs. 29900 , 4.5
490 , APPLE iPhone 6 Plus (Gold | 128 GB) , Rs. 80500 , 4.7
